frame,target_found,command,reason,fps
0,1,FORWARD,target centred,0.3
1,1,FORWARD,target centred,2.9
2,1,FORWARD,target centred,5.6
3,1,FORWARD,target centred,8.3
4,1,FORWARD,target centred,10.5
5,1,FORWARD,target centred,9.9
6,1,FORWARD,target centred,11.9
7,1,FORWARD,target centred,13.8
8,1,FORWARD,target centred,15.3
9,1,FORWARD,target centred,16.4
10,1,FORWARD,target centred,15.1
11,1,FORWARD,target centred,15.8
12,1,FORWARD,target centred,16.5
13,1,FORWARD,target centred,17.0
14,1,FORWARD,target centred,17.7
15,1,FORWARD,target centred,16.3
16,1,FORWARD,target centred,16.7
17,1,FORWARD,target centred,17.2
18,1,FORWARD,target centred,17.6
19,1,FORWARD,target centred,18.0
20,1,FORWARD,target centred,16.6
21,1,FORWARD,target centred,16.8
22,1,FORWARD,target centred,17.1
23,1,FORWARD,target centred,17.5
24,1,FORWARD,target centred,18.1
25,1,FORWARD,target centred,16.6
26,1,FORWARD,target centred,17.1
27,1,FORWARD,target centred,17.8
28,1,FORWARD,target centred,19.2
29,1,FORWARD,target centred,20.3
30,1,FORWARD,target centred,18.8
31,1,FORWARD,target centred,19.8
32,1,FORWARD,target centred,20.4
33,1,FORWARD,target centred,21.5
34,1,FORWARD,target centred,22.4
35,1,FORWARD,target centred,20.7
36,1,FORWARD,target centred,21.2
37,1,FORWARD,target centred,22.0
38,1,FORWARD,target centred,23.1
39,1,FORWARD,target centred,24.6
40,1,FORWARD,target centred,22.6
41,1,FORWARD,target centred,23.7
42,1,FORWARD,target centred,24.5
43,1,FORWARD,target centred,25.4
44,1,FORWARD,target centred,26.0
45,1,FORWARD,target centred,23.9
46,1,FORWARD,target centred,24.4
47,1,FORWARD,target centred,24.9
48,1,FORWARD,target centred,25.3
49,1,FORWARD,target centred,25.7
50,1,FORWARD,target centred,23.6
51,1,FORWARD,target centred,24.4
52,1,FORWARD,target centred,25.4
53,1,FORWARD,target centred,26.3
54,1,FORWARD,target centred,26.5
55,1,FORWARD,target centred,24.3
56,1,FORWARD,target centred,24.0
57,1,FORWARD,target centred,24.7
58,1,FORWARD,target centred,25.5
59,1,FORWARD,target centred,26.3
60,1,FORWARD,target centred,24.2
61,1,FORWARD,target centred,24.7
62,1,FORWARD,target centred,25.3
63,1,FORWARD,target centred,25.4
64,1,FORWARD,target centred,25.7
65,1,FORWARD,target centred,23.6
66,1,FORWARD,target centred,23.9
67,1,FORWARD,target centred,24.3
68,1,FORWARD,target centred,24.6
69,1,FORWARD,target centred,25.7
70,1,FORWARD,target centred,23.6
71,1,FORWARD,target centred,23.8
72,1,FORWARD,target centred,24.7
73,1,FORWARD,target centred,25.4
74,1,FORWARD,target centred,25.6
75,1,FORWARD,target centred,23.5
76,1,FORWARD,target centred,24.1
77,1,FORWARD,target centred,24.4
78,1,FORWARD,target centred,24.8
79,1,FORWARD,target centred,25.2
80,1,FORWARD,target centred,23.2
81,1,FORWARD,target centred,23.6
82,1,FORWARD,target centred,23.7
83,1,FORWARD,target centred,23.5
84,1,FORWARD,target centred,23.7
85,1,FORWARD,target centred,21.8
86,1,FORWARD,target centred,22.7
87,1,FORWARD,target centred,23.4
88,1,FORWARD,target centred,24.9
89,1,FORWARD,target centred,26.1
90,1,FORWARD,target centred,24.0
91,1,FORWARD,target centred,24.6
92,1,FORWARD,target centred,25.3
93,1,FORWARD,target centred,26.2
94,1,FORWARD,target centred,26.7
95,1,FORWARD,target centred,24.5
96,1,FORWARD,target centred,25.1
97,1,FORWARD,target centred,25.7
98,1,FORWARD,target centred,26.2
99,1,FORWARD,target centred,26.5
100,1,FORWARD,target centred,24.3
101,1,FORWARD,target centred,25.6
102,1,FORWARD,target centred,26.8
103,1,FORWARD,target centred,27.0
104,1,FORWARD,target centred,27.3
105,1,FORWARD,target centred,25.2
106,1,FORWARD,target centred,25.4
107,1,FORWARD,target centred,26.0
108,1,FORWARD,target centred,26.8
109,1,FORWARD,target centred,27.6
110,1,FORWARD,target centred,25.4
111,1,FORWARD,target centred,25.8
112,1,FORWARD,target centred,26.2
113,1,FORWARD,target centred,26.5
114,1,FORWARD,target centred,26.6
115,1,FORWARD,target centred,24.4
116,1,FORWARD,target centred,25.0
117,1,FORWARD,target centred,25.5
118,1,FORWARD,target centred,26.1
119,1,FORWARD,target centred,27.1
120,1,FORWARD,target centred,24.9
121,1,FORWARD,target centred,25.7
122,1,FORWARD,target centred,26.5
123,1,FORWARD,target centred,26.7
124,1,FORWARD,target centred,26.9
125,1,FORWARD,target centred,24.8
126,1,FORWARD,target centred,25.7
127,1,FORWARD,target centred,26.2
128,1,FORWARD,target centred,26.7
129,1,FORWARD,target centred,26.9
130,1,FORWARD,target centred,24.7
131,1,FORWARD,target centred,25.3
132,1,FORWARD,target centred,26.1
133,1,FORWARD,target centred,26.3
134,1,FORWARD,target centred,26.7
135,1,FORWARD,target centred,24.6
136,1,FORWARD,target centred,25.0
137,1,FORWARD,target centred,24.7
138,1,FORWARD,target centred,25.3
139,1,FORWARD,target centred,25.7
140,1,FORWARD,target centred,23.8
141,1,FORWARD,target centred,24.1
142,1,FORWARD,target centred,24.6
143,1,FORWARD,target centred,25.0
144,1,FORWARD,target centred,26.0
145,1,FORWARD,target centred,23.9
146,1,FORWARD,target centred,24.1
147,1,FORWARD,target centred,24.6
148,1,FORWARD,target centred,25.1
149,1,FORWARD,target centred,25.8
150,1,FORWARD,target centred,23.7
151,1,FORWARD,target centred,24.3
152,1,FORWARD,target centred,24.8
153,1,FORWARD,target centred,25.1
154,1,FORWARD,target centred,26.0
155,1,FORWARD,target centred,23.9
156,1,FORWARD,target centred,24.9
157,1,FORWARD,target centred,25.1
158,1,FORWARD,target centred,25.5
159,1,FORWARD,target centred,26.2
160,1,FORWARD,target centred,24.1
161,1,FORWARD,target centred,24.6
162,1,FORWARD,target centred,25.2
163,1,FORWARD,target centred,25.7
164,1,FORWARD,target centred,26.0
165,1,FORWARD,target centred,23.9
166,1,FORWARD,target centred,24.6
167,1,FORWARD,target centred,25.2
168,1,FORWARD,target centred,25.3
169,1,FORWARD,target centred,25.7
170,1,FORWARD,target centred,23.6
171,1,FORWARD,target centred,24.2
172,1,FORWARD,target centred,24.6
173,1,FORWARD,target centred,25.3
174,1,FORWARD,target centred,26.3
175,1,FORWARD,target centred,24.3
176,1,FORWARD,target centred,24.7
177,1,FORWARD,target centred,25.6
178,1,FORWARD,target centred,26.6
179,1,FORWARD,target centred,27.5
180,1,FORWARD,target centred,25.4
181,1,FORWARD,target centred,25.9
182,1,FORWARD,target centred,26.1
183,1,FORWARD,target centred,26.4
184,1,FORWARD,target centred,26.5
185,1,FORWARD,target centred,24.3
186,1,FORWARD,target centred,24.9
187,1,FORWARD,target centred,25.3
188,1,FORWARD,target centred,25.5
189,1,FORWARD,target centred,26.4
190,1,FORWARD,target centred,24.3
191,1,FORWARD,target centred,24.8
192,1,FORWARD,target centred,25.1
193,1,FORWARD,target centred,25.9
194,1,FORWARD,target centred,26.8
195,1,FORWARD,target centred,24.6
196,1,FORWARD,target centred,25.5
197,1,FORWARD,target centred,26.3
198,1,FORWARD,target centred,26.6
199,1,FORWARD,target centred,26.9
200,1,FORWARD,target centred,24.7
201,1,FORWARD,target centred,25.2
202,1,FORWARD,target centred,25.5
203,1,FORWARD,target centred,25.9
204,1,FORWARD,target centred,26.0
205,1,FORWARD,target centred,24.0
206,1,FORWARD,target centred,24.8
207,1,FORWARD,target centred,25.2
208,1,FORWARD,target centred,25.4
209,1,FORWARD,target centred,26.1
210,1,FORWARD,target centred,24.0
211,1,FORWARD,target centred,25.1
212,1,FORWARD,target centred,26.3
213,1,FORWARD,target centred,27.3
214,1,FORWARD,target centred,27.9
215,1,FORWARD,target centred,25.6
216,1,FORWARD,target centred,25.8
217,1,FORWARD,target centred,26.2
218,1,FORWARD,target centred,26.3
219,1,FORWARD,target centred,26.5
220,1,FORWARD,target centred,24.3
221,1,FORWARD,target centred,24.7
222,1,FORWARD,target centred,25.3
223,1,FORWARD,target centred,26.3
224,1,FORWARD,target centred,27.2
225,1,FORWARD,target centred,25.0
226,1,FORWARD,target centred,25.4
227,1,FORWARD,target centred,25.7
228,1,FORWARD,target centred,26.1
229,1,FORWARD,target centred,26.8
230,1,FORWARD,target centred,24.7
231,1,FORWARD,target centred,25.0
232,1,FORWARD,target centred,25.4
233,1,FORWARD,target centred,25.7
234,1,FORWARD,target centred,26.1
235,1,FORWARD,target centred,24.1
236,1,FORWARD,target centred,24.6
237,1,FORWARD,target centred,25.2
238,1,FORWARD,target centred,25.6
239,1,FORWARD,target centred,25.7
240,1,FORWARD,target centred,23.6
241,1,FORWARD,target centred,23.8
242,1,FORWARD,target centred,24.4
243,1,FORWARD,target centred,25.5
244,1,FORWARD,target centred,25.6
245,1,FORWARD,target centred,23.6
246,1,FORWARD,target centred,25.1
247,1,FORWARD,target centred,25.5
248,1,FORWARD,target centred,25.2
249,1,FORWARD,target centred,25.9
250,1,FORWARD,target centred,23.7
251,1,FORWARD,target centred,24.4
252,1,FORWARD,target centred,25.2
253,1,FORWARD,target centred,25.7
254,1,FORWARD,target centred,26.0
255,1,FORWARD,target centred,24.0
256,1,FORWARD,target centred,24.7
257,1,FORWARD,target centred,25.5
258,1,FORWARD,target centred,25.8
259,1,FORWARD,target centred,26.1
260,1,FORWARD,target centred,24.1
261,1,FORWARD,target centred,24.6
262,1,FORWARD,target centred,25.4
263,1,FORWARD,target centred,26.4
264,1,FORWARD,target centred,27.4
265,1,FORWARD,target centred,25.1
266,1,FORWARD,target centred,25.5
267,1,FORWARD,target centred,26.0
268,1,FORWARD,target centred,26.5
269,1,FORWARD,target centred,27.1
270,1,FORWARD,target centred,24.9
271,1,FORWARD,target centred,25.7
272,1,FORWARD,target centred,26.9
273,1,FORWARD,target centred,27.0
274,1,FORWARD,target centred,26.4
275,1,FORWARD,target centred,24.3
276,1,FORWARD,target centred,24.4
277,1,FORWARD,target centred,24.8
278,1,FORWARD,target centred,25.1
279,1,FORWARD,target centred,26.0
280,1,FORWARD,target centred,23.8
281,1,FORWARD,target centred,24.5
282,1,FORWARD,target centred,24.8
283,1,FORWARD,target centred,25.2
284,1,FORWARD,target centred,25.6
285,1,FORWARD,target centred,23.5
286,1,FORWARD,target centred,23.9
287,1,FORWARD,target centred,25.0
288,1,FORWARD,target centred,26.1
289,1,FORWARD,target centred,26.3
290,1,FORWARD,target centred,24.2
291,1,FORWARD,target centred,24.8
292,1,FORWARD,target centred,25.2
293,1,FORWARD,target centred,25.8
294,1,FORWARD,target centred,26.7
295,1,FORWARD,target centred,24.6
296,1,FORWARD,target centred,25.4
297,1,FORWARD,target centred,25.7
298,1,FORWARD,target centred,26.2
299,1,FORWARD,target centred,26.5
300,1,FORWARD,target centred,24.3
301,1,FORWARD,target centred,25.0
302,1,FORWARD,target centred,25.2
303,1,FORWARD,target centred,25.5
304,1,FORWARD,target centred,25.8
305,1,FORWARD,target centred,23.7
306,1,FORWARD,target centred,24.3
307,1,FORWARD,target centred,25.4
308,1,FORWARD,target centred,26.5
309,1,FORWARD,target centred,27.1
310,1,FORWARD,target centred,25.0
311,1,FORWARD,target centred,26.1
312,1,FORWARD,target centred,27.3
313,1,FORWARD,target centred,28.2
314,1,FORWARD,target centred,29.0
315,1,FORWARD,target centred,26.6
316,1,FORWARD,target centred,26.7
317,1,FORWARD,target centred,27.1
318,1,FORWARD,target centred,27.4
319,1,FORWARD,target centred,27.7
320,1,FORWARD,target centred,25.4
321,1,FORWARD,target centred,26.0
322,1,FORWARD,target centred,27.0
323,1,FORWARD,target centred,28.1
324,1,FORWARD,target centred,28.7
325,1,FORWARD,target centred,26.3
326,1,FORWARD,target centred,26.4
327,1,FORWARD,target centred,26.2
328,1,FORWARD,target centred,25.7
329,1,FORWARD,target centred,26.5
330,1,FORWARD,target centred,24.4
331,1,FORWARD,target centred,25.0
332,1,FORWARD,target centred,25.4
333,1,FORWARD,target centred,25.8
334,1,FORWARD,target centred,26.0
335,1,FORWARD,target centred,23.9
336,1,FORWARD,target centred,24.5
337,1,FORWARD,target centred,24.9
338,1,FORWARD,target centred,25.4
339,1,FORWARD,target centred,25.9
340,1,FORWARD,target centred,23.9
341,1,FORWARD,target centred,24.5
342,1,FORWARD,target centred,25.0
343,1,FORWARD,target centred,26.2
344,1,FORWARD,target centred,27.2
345,1,FORWARD,target centred,25.0
346,1,FORWARD,target centred,26.0
347,1,FORWARD,target centred,26.7
348,1,FORWARD,target centred,27.7
349,1,FORWARD,target centred,28.4
350,1,FORWARD,target centred,26.1
351,1,FORWARD,target centred,26.3
352,1,FORWARD,target centred,26.8
353,1,FORWARD,target centred,27.3
354,1,FORWARD,target centred,27.4
355,1,FORWARD,target centred,25.1
356,1,FORWARD,target centred,25.8
357,1,FORWARD,target centred,26.8
358,1,FORWARD,target centred,27.8
359,1,FORWARD,target centred,28.1
360,1,FORWARD,target centred,25.9
361,1,FORWARD,target centred,26.6
362,1,FORWARD,target centred,27.2
363,1,FORWARD,target centred,27.4
364,1,FORWARD,target centred,27.7
365,1,FORWARD,target centred,25.5
366,1,FORWARD,target centred,26.1
367,1,FORWARD,target centred,26.4
368,1,FORWARD,target centred,26.8
369,1,FORWARD,target centred,27.0
370,1,FORWARD,target centred,24.7
371,1,FORWARD,target centred,25.2
372,1,FORWARD,target centred,25.5
373,1,FORWARD,target centred,25.9
374,1,FORWARD,target centred,26.2
375,1,FORWARD,target centred,24.2
376,1,FORWARD,target centred,25.1
377,1,FORWARD,target centred,25.9
378,1,FORWARD,target centred,26.1
379,1,FORWARD,target centred,26.3
380,1,FORWARD,target centred,24.2
381,1,FORWARD,target centred,24.6
382,1,FORWARD,target centred,25.0
383,1,FORWARD,target centred,25.9
384,1,FORWARD,target centred,25.9
385,1,FORWARD,target centred,23.7
386,1,FORWARD,target centred,23.6
387,1,FORWARD,target centred,24.1
388,1,FORWARD,target centred,24.9
389,1,FORWARD,target centred,25.5
390,1,FORWARD,target centred,23.4
391,1,FORWARD,target centred,24.3
392,1,FORWARD,target centred,25.2
393,1,FORWARD,target centred,25.6
394,1,FORWARD,target centred,26.0
395,1,FORWARD,target centred,24.0
396,1,FORWARD,target centred,24.5
397,1,FORWARD,target centred,25.0
398,1,FORWARD,target centred,25.8
399,1,FORWARD,target centred,26.6
400,1,FORWARD,target centred,24.5
401,1,FORWARD,target centred,24.9
402,1,FORWARD,target centred,25.3
403,1,FORWARD,target centred,25.4
404,1,FORWARD,target centred,25.3
405,0,STOP,target not visible,23.4
406,0,STOP,target not visible,23.8
407,0,STOP,target not visible,24.2
408,0,STOP,target not visible,24.6
409,0,STOP,target not visible,24.9
410,0,STOP,target not visible,23.0
411,0,STOP,target not visible,23.4
412,0,STOP,target not visible,24.7
413,0,STOP,target not visible,25.7
414,0,STOP,target not visible,26.6
415,0,STOP,target not visible,24.5
416,0,STOP,target not visible,25.6
417,0,STOP,target not visible,26.6
418,0,STOP,target not visible,27.6
419,0,STOP,target not visible,27.6
420,1,FORWARD,target centred,25.4
421,1,FORWARD,target centred,25.7
422,1,FORWARD,target centred,25.9
423,1,FORWARD,target centred,26.2
424,1,FORWARD,target centred,26.8
425,1,FORWARD,target centred,24.7
426,1,FORWARD,target centred,25.3
427,1,FORWARD,target centred,26.2
428,1,FORWARD,target centred,27.1
429,1,FORWARD,target centred,27.7
430,1,FORWARD,target centred,25.5
431,1,FORWARD,target centred,26.4
432,1,FORWARD,target centred,26.6
433,1,FORWARD,target centred,26.7
434,1,FORWARD,target centred,26.6
435,1,FORWARD,target centred,24.4
436,1,FORWARD,target centred,25.0
437,1,FORWARD,target centred,25.2
438,1,FORWARD,target centred,25.2
439,1,FORWARD,target centred,25.0
440,1,FORWARD,target centred,23.0
441,1,FORWARD,target centred,23.6
442,1,FORWARD,target centred,23.9
443,1,FORWARD,target centred,24.1
444,1,FORWARD,target centred,24.7
445,1,FORWARD,target centred,22.7
446,1,STOP,close enough,24.0
447,1,STOP,close enough,25.1
448,1,STOP,close enough,25.6
449,1,STOP,close enough,26.1
450,1,STOP,close enough,24.1
451,1,STOP,close enough,25.2
452,1,STOP,close enough,26.1
453,1,STOP,close enough,26.6
454,1,STOP,close enough,27.2
455,1,STOP,close enough,25.0
456,1,STOP,close enough,25.4
457,1,STOP,close enough,26.0
458,1,STOP,close enough,26.0
459,1,STOP,close enough,26.2
460,1,STOP,close enough,24.1
461,1,STOP,close enough,25.0
462,1,STOP,close enough,25.7
463,1,STOP,close enough,26.1
464,1,STOP,close enough,26.5
465,1,STOP,close enough,24.4
466,1,STOP,close enough,25.4
467,1,STOP,close enough,26.4
468,1,STOP,close enough,27.5
469,1,STOP,close enough,28.3
470,1,STOP,close enough,26.0
471,1,STOP,close enough,26.4
472,1,STOP,close enough,26.8
473,1,STOP,close enough,27.0
474,1,STOP,close enough,27.2
475,1,STOP,close enough,25.0
476,1,STOP,close enough,25.3
477,1,STOP,close enough,25.8
478,1,STOP,close enough,26.1
479,1,STOP,close enough,26.9
480,1,STOP,close enough,24.8
481,1,STOP,close enough,25.6
482,1,STOP,close enough,26.5
483,1,STOP,close enough,26.9
484,1,STOP,close enough,27.1
485,1,STOP,close enough,25.0
486,1,STOP,close enough,25.9
487,1,STOP,close enough,27.1
488,1,STOP,close enough,27.6
489,1,STOP,close enough,28.2
490,1,STOP,close enough,25.8
491,1,STOP,close enough,26.2
492,1,STOP,close enough,26.5
493,1,STOP,close enough,26.9
494,1,STOP,close enough,26.5
495,1,STOP,close enough,24.4
496,1,STOP,close enough,25.2
497,1,STOP,close enough,26.1
498,1,STOP,close enough,26.9
499,1,STOP,close enough,27.4
500,1,STOP,close enough,25.2
501,1,STOP,close enough,25.6
502,1,STOP,close enough,26.0
503,1,STOP,close enough,26.4
504,1,STOP,close enough,26.6
505,1,STOP,close enough,24.5
506,1,STOP,close enough,24.8
507,1,STOP,close enough,25.1
508,1,STOP,close enough,25.6
509,1,STOP,close enough,26.1
510,1,STOP,close enough,24.1
511,1,STOP,close enough,24.8
512,1,STOP,close enough,24.7
513,1,STOP,close enough,24.8
514,1,STOP,close enough,25.1
515,1,STOP,close enough,23.1
516,1,STOP,close enough,23.8
517,1,STOP,close enough,24.6
518,1,STOP,close enough,24.7
519,1,STOP,close enough,25.1
520,1,STOP,close enough,23.1
521,1,STOP,close enough,24.0
522,1,STOP,close enough,24.7
523,1,STOP,close enough,25.4
524,1,STOP,close enough,25.9
525,1,STOP,close enough,23.8
526,1,STOP,close enough,24.2
527,1,STOP,close enough,25.1
528,1,STOP,close enough,25.4
529,1,STOP,close enough,25.7
530,1,STOP,close enough,23.6
531,1,STOP,close enough,24.1
532,1,STOP,close enough,24.6
533,1,STOP,close enough,25.5
534,1,STOP,close enough,26.6
535,1,STOP,close enough,24.5
536,1,STOP,close enough,25.4
537,1,STOP,close enough,26.7
538,1,STOP,close enough,27.7
539,1,STOP,close enough,28.5
540,1,STOP,close enough,26.2
541,1,STOP,close enough,26.2
542,1,STOP,close enough,26.6
543,1,STOP,close enough,26.9
544,1,STOP,close enough,27.1
545,1,STOP,close enough,24.9
546,1,STOP,close enough,25.1
547,1,STOP,close enough,25.6
548,1,STOP,close enough,26.5
549,1,STOP,close enough,26.6
550,1,STOP,close enough,24.4
551,1,STOP,close enough,25.4
552,1,STOP,close enough,26.4
553,1,STOP,close enough,27.1
554,1,STOP,close enough,27.5
